[
    {
       "id": 1,
       "title": "Avatar 2",
        "year": 2022,
       "rating": 8.5,
      "genre": "fantasy",
       "country": "USA",
      "duration": 180
    },


     {
       "id": 2,
      "title": "Inception",
      "year": 2010,
      "rating": 8.8,
      "genre": "sci-fi",
      "country": "USA",
      "duration": 148
     },
    { 

      "id": 3,
      "title": "Parasite",
      "year": 2019,
      "rating": 8.6,
      "genre": "thriller",
      "country": "South Korea",
      "duration": 132
    },
    {
      "id": 4,
      "title": "The Dark Knight",
      "year": 2008,
      "rating": 9.0,
      "genre": "action",
      "country": "USA",
      "duration": 152
    },


    {
      "id": 5,
      "title": "Interstellar",
      "year": 2014,
      "rating": 8.7,
      "genre": "sci-fi",
      "country": "USA",
      "duration": 169
    },
    {
        "id": 6,
       "title": "Joker",
       "year": 2019,
       "rating": 8.4,
       "genre": "drama",
       "country": "USA",
      "duration": 12
    }
  ]
  